{"is_source_file": false, "format": "", "description": "", "external_files": [], "external_methods": [], "published": [], "classes": [], "methods": [], "calls": [], "search-terms": [], "state": 2, "file_id": 2, "knowledge_revision": 5, "git_revision": "6dfd7b831c3ce040aee92ea3abbab7c615ae159d", "hash": "06210fbbd002a8ca4b15d03137663029", "format-version": 4, "code-base-name": "browser-tic-tac-toe-200990-200999", "filename": "README.md", "revision_history": [{"5": "6dfd7b831c3ce040aee92ea3abbab7c615ae159d"}]}