{"is_source_file": true, "file_id": 9, "git_revision": "", "state": 3, "description": "", "external_files": [], "external_methods": [], "published": [], "classes": [], "methods": [], "calls": [], "search-terms": [], "ctags": [{"_type": "tag", "name": "ThemeToggle", "path": "/home/kavia/workspace/code-generation/browser-tic-tac-toe-200990-200999/tic_tac_toe_frontend/src/components/ThemeToggle.jsx", "pattern": "/^export default function ThemeToggle({ theme, onToggle }) {$/", "language": "JavaScript", "kind": "function", "signature": "({ theme, onToggle })"}, {"_type": "tag", "name": "isDark", "path": "/home/kavia/workspace/code-generation/browser-tic-tac-toe-200990-200999/tic_tac_toe_frontend/src/components/ThemeToggle.jsx", "pattern": "/^      aria-label={isDark ? \"Switch to light theme\" : \"Switch to dark theme\"}$/", "language": "JavaScript", "kind": "field", "scope": "ThemeToggle.aria", "scopeKind": "class"}, {"_type": "tag", "name": "isDark", "path": "/home/kavia/workspace/code-generation/browser-tic-tac-toe-200990-200999/tic_tac_toe_frontend/src/components/ThemeToggle.jsx", "pattern": "/^      aria-pressed={isDark}$/", "language": "JavaScript", "kind": "field", "scope": "ThemeToggle.aria", "scopeKind": "class"}, {"_type": "tag", "name": "isDark", "path": "/home/kavia/workspace/code-generation/browser-tic-tac-toe-200990-200999/tic_tac_toe_frontend/src/components/ThemeToggle.jsx", "pattern": "/^      title={isDark ? \"Dark theme (click to switch to Light)\" : \"Light theme (click to switch to/", "language": "JavaScript", "kind": "field", "scope": "ThemeToggle.title", "scopeKind": "class"}, {"_type": "tag", "name": "onToggle", "path": "/home/kavia/workspace/code-generation/browser-tic-tac-toe-200990-200999/tic_tac_toe_frontend/src/components/ThemeToggle.jsx", "pattern": "/^      onClick={onToggle}$/", "language": "JavaScript", "kind": "field", "scope": "ThemeToggle.onClick", "scopeKind": "class"}], "format": "JavaScript", "hash": "1aeb059e5de136f42976c1084cfc2498", "format-version": 4, "code-base-name": "tic_tac_toe_frontend", "filename": "tic_tac_toe_frontend/src/components/ThemeToggle.jsx", "knowledge_revision": 23}