{"is_source_file": true, "format": "JavaScript (React)", "description": "This file is the main frontend component for a Tic Tac Toe game built with React. It manages game state, user interactions, AI moves via imported minimax functions, and UI rendering.", "external_files": ["./ai/minimax"], "external_methods": ["getAiMove", "getGameOutcome"], "published": ["App"], "classes": [], "methods": [{"name": "Square({ value, onClick, disabled })", "description": "Functional component representing a single Tic Tac Toe square.", "scope": "", "scopeKind": ""}, {"name": "Board({ squares, onPlay, disabled })", "description": "Functional component rendering the game board with multiple squares.", "scope": "", "scopeKind": ""}, {"name": "emptyBoard()", "description": "Creates and returns an empty 3x3 Tic Tac Toe board as an array of nulls.", "scope": "", "scopeKind": ""}, {"name": "startingPlayerForGameNumber(gameNumber)", "description": "Determines which player starts based on the game number (X for odd, O for even).", "scope": "", "scopeKind": ""}, {"name": "computeStatus({ mode, aiThinking, outcome, xIsNext, humanPlayer, aiPlayer })", "description": "Generates a status message based on game mode, outcome, and game state.", "scope": "", "scopeKind": ""}, {"name": "App()", "description": "Main React component managing the overall game state, UI, and interactions.", "scope": "", "scopeKind": ""}, {"name": "handleNextGame()", "scope": "App", "scopeKind": "function", "description": "unavailable"}, {"name": "handlePlay(index)", "scope": "App", "scopeKind": "function", "description": "unavailable"}, {"name": "handleRestartGame()", "scope": "App", "scopeKind": "function", "description": "unavailable"}, {"name": "handleStartNewSeries()", "scope": "App", "scopeKind": "function", "description": "unavailable"}, {"name": "resetBoardOnly(nextStarter = \"X\")", "scope": "App", "scopeKind": "function", "description": "unavailable"}, {"name": "seriesWinnerFromScores({ xWins, oWins })", "scope": "", "scopeKind": "", "description": "unavailable"}], "calls": ["getAiMove", "getGameOutcome"], "search-terms": ["tic tac toe", "AI minimax", "series management", "game mode selection", "React game component"], "state": 2, "file_id": 6, "knowledge_revision": 20, "git_revision": "48d0820f8d1bef3d7cdb34bd7cff405f83c84af3", "revision_history": [{"15": "2920e8264ec549275676f082bf4faecd9b5c921b"}, {"19": "45c22b83df23f85a072de90601b017e631e16bc6"}, {"20": "48d0820f8d1bef3d7cdb34bd7cff405f83c84af3"}], "ctags": [{"_type": "tag", "name": "App", "path": "/home/kavia/workspace/code-generation/browser-tic-tac-toe-200990-200999/tic_tac_toe_frontend/src/App.js", "pattern": "/^export default function App() {$/", "language": "JavaScript", "kind": "function", "signature": "()"}, {"_type": "tag", "name": "Board", "path": "/home/kavia/workspace/code-generation/browser-tic-tac-toe-200990-200999/tic_tac_toe_frontend/src/App.js", "pattern": "/^function Board({ squares, onPlay, disabled }) {$/", "language": "JavaScript", "kind": "function", "signature": "({ squares, onPlay, disabled })"}, {"_type": "tag", "name": "Square", "path": "/home/kavia/workspace/code-generation/browser-tic-tac-toe-200990-200999/tic_tac_toe_frontend/src/App.js", "pattern": "/^function Square({ value, onClick, disabled }) {$/", "language": "JavaScript", "kind": "function", "signature": "({ value, onClick, disabled })"}, {"_type": "tag", "name": "aiThinking", "path": "/home/kavia/workspace/code-generation/browser-tic-tac-toe-200990-200999/tic_tac_toe_frontend/src/App.js", "pattern": "/^                disabled={aiThinking}$/", "language": "JavaScript", "kind": "field", "scope": "App.disabled", "scopeKind": "class"}, {"_type": "tag", "name": "bestOf5Enabled", "path": "/home/kavia/workspace/code-generation/browser-tic-tac-toe-200990-200999/tic_tac_toe_frontend/src/App.js", "pattern": "/^                checked={bestOf5Enabled}$/", "language": "JavaScript", "kind": "field", "scope": "App.checked", "scopeKind": "class"}, {"_type": "tag", "name": "computeStatus", "path": "/home/kavia/workspace/code-generation/browser-tic-tac-toe-200990-200999/tic_tac_toe_frontend/src/App.js", "pattern": "/^function computeStatus({ mode, aiThinking, outcome, xIsNext, humanPlayer, aiPlayer }) {$/", "language": "JavaScript", "kind": "function", "signature": "({ mode, aiThinking, outcome, xIsNext, humanPlayer, aiPlayer })"}, {"_type": "tag", "name": "difficulty", "path": "/home/kavia/workspace/code-generation/browser-tic-tac-toe-200990-200999/tic_tac_toe_frontend/src/App.js", "pattern": "/^                value={difficulty}$/", "language": "JavaScript", "kind": "field", "scope": "App.value", "scopeKind": "class"}, {"_type": "tag", "name": "disabled", "path": "/home/kavia/workspace/code-generation/browser-tic-tac-toe-200990-200999/tic_tac_toe_frontend/src/App.js", "pattern": "/^      disabled={disabled}$/", "language": "JavaScript", "kind": "field", "scope": "Square.disabled", "scopeKind": "class"}, {"_type": "tag", "name": "emptyBoard", "path": "/home/kavia/workspace/code-generation/browser-tic-tac-toe-200990-200999/tic_tac_toe_frontend/src/App.js", "pattern": "/^function emptyBoard() {$/", "language": "JavaScript", "kind": "function", "signature": "()"}, {"_type": "tag", "name": "handleNextGame", "path": "/home/kavia/workspace/code-generation/browser-tic-tac-toe-200990-200999/tic_tac_toe_frontend/src/App.js", "pattern": "/^  function handleNextGame() {$/", "language": "JavaScript", "kind": "function", "signature": "()", "scope": "App", "scopeKind": "function"}, {"_type": "tag", "name": "handlePlay", "path": "/home/kavia/workspace/code-generation/browser-tic-tac-toe-200990-200999/tic_tac_toe_frontend/src/App.js", "pattern": "/^  function handlePlay(index) {$/", "language": "JavaScript", "kind": "function", "signature": "(index)", "scope": "App", "scopeKind": "function"}, {"_type": "tag", "name": "handleRestartGame", "path": "/home/kavia/workspace/code-generation/browser-tic-tac-toe-200990-200999/tic_tac_toe_frontend/src/App.js", "pattern": "/^  function handleRestartGame() {$/", "language": "JavaScript", "kind": "function", "signature": "()", "scope": "App", "scopeKind": "function"}, {"_type": "tag", "name": "handleStartNewSeries", "path": "/home/kavia/workspace/code-generation/browser-tic-tac-toe-200990-200999/tic_tac_toe_frontend/src/App.js", "pattern": "/^  function handleStartNewSeries() {$/", "language": "JavaScript", "kind": "function", "signature": "()", "scope": "App", "scopeKind": "function"}, {"_type": "tag", "name": "humanPlayer", "path": "/home/kavia/workspace/code-generation/browser-tic-tac-toe-200990-200999/tic_tac_toe_frontend/src/App.js", "pattern": "/^                value={humanPlayer}$/", "language": "JavaScript", "kind": "field", "scope": "App.value", "scopeKind": "class"}, {"_type": "tag", "name": "mode", "path": "/home/kavia/workspace/code-generation/browser-tic-tac-toe-200990-200999/tic_tac_toe_frontend/src/App.js", "pattern": "/^                disabled={mode !== \"HUMAN_AI\" || aiThinking}$/", "language": "JavaScript", "kind": "field", "scope": "App.disabled", "scopeKind": "class"}, {"_type": "tag", "name": "mode", "path": "/home/kavia/workspace/code-generation/browser-tic-tac-toe-200990-200999/tic_tac_toe_frontend/src/App.js", "pattern": "/^                value={mode}$/", "language": "JavaScript", "kind": "field", "scope": "App.value", "scopeKind": "class"}, {"_type": "tag", "name": "onClick", "path": "/home/kavia/workspace/code-generation/browser-tic-tac-toe-200990-200999/tic_tac_toe_frontend/src/App.js", "pattern": "/^      onClick={onClick}$/", "language": "JavaScript", "kind": "field", "scope": "Square.onClick", "scopeKind": "class"}, {"_type": "tag", "name": "resetBoardOnly", "path": "/home/kavia/workspace/code-generation/browser-tic-tac-toe-200990-200999/tic_tac_toe_frontend/src/App.js", "pattern": "/^  function resetBoardOnly(nextStarter = \"X\") {$/", "language": "JavaScript", "kind": "function", "signature": "(nextStarter = \"X\")", "scope": "App", "scopeKind": "function"}, {"_type": "tag", "name": "seriesWinnerFromScores", "path": "/home/kavia/workspace/code-generation/browser-tic-tac-toe-200990-200999/tic_tac_toe_frontend/src/App.js", "pattern": "/^function seriesWinnerFromScores({ xWins, oWins }) {$/", "language": "JavaScript", "kind": "function", "signature": "({ xWins, oWins })"}, {"_type": "tag", "name": "startingPlayerForGameNumber", "path": "/home/kavia/workspace/code-generation/browser-tic-tac-toe-200990-200999/tic_tac_toe_frontend/src/App.js", "pattern": "/^function startingPlayerForGameNumber(gameNumber) {$/", "language": "JavaScript", "kind": "function", "signature": "(gameNumber)"}, {"_type": "tag", "name": "value", "path": "/home/kavia/workspace/code-generation/browser-tic-tac-toe-200990-200999/tic_tac_toe_frontend/src/App.js", "pattern": "/^      aria-label={value ? `Square ${value}` : \"Empty square\"}$/", "language": "JavaScript", "kind": "field", "scope": "Square.aria", "scopeKind": "class"}], "hash": "f9f4e3e29b8906044696d4cc6e763672", "format-version": 4, "code-base-name": "tic_tac_toe_frontend", "filename": "tic_tac_toe_frontend/src/App.js", "fields": [{"name": "disabled={aiThinking}", "scope": "App.disabled", "scopeKind": "class", "description": "unavailable"}, {"name": "checked={bestOf5Enabled}", "scope": "App.checked", "scopeKind": "class", "description": "unavailable"}, {"name": "value={difficulty}", "scope": "App.value", "scopeKind": "class", "description": "unavailable"}, {"name": "disabled={disabled}", "scope": "Square.disabled", "scopeKind": "class", "description": "unavailable"}, {"name": "value={humanPlayer}", "scope": "App.value", "scopeKind": "class", "description": "unavailable"}, {"name": "disabled={mode !== \"HUMAN_AI\" || aiThinking}", "scope": "App.disabled", "scopeKind": "class", "description": "unavailable"}, {"name": "value={mode}", "scope": "App.value", "scopeKind": "class", "description": "unavailable"}, {"name": "onClick={onClick}", "scope": "Square.onClick", "scopeKind": "class", "description": "unavailable"}, {"name": "aria-label={value ? `Square ${value}` : \"Empty square\"}", "scope": "Square.aria", "scopeKind": "class", "description": "unavailable"}]}