{"is_source_file": false, "format": "", "description": "", "external_files": [], "external_methods": [], "published": [], "classes": [], "methods": [], "calls": [], "search-terms": [], "state": 2, "file_id": 7, "knowledge_revision": 26, "git_revision": "1c0406c2247bdd8adbb7896431133c63de7625f8", "hash": "9644cadf8393df1b1677e4462e9b2814", "format-version": 4, "code-base-name": "tic_tac_toe_frontend", "filename": "tic_tac_toe_frontend/src/styles.css", "revision_history": [{"26": "1c0406c2247bdd8adbb7896431133c63de7625f8"}]}