{"is_source_file": true, "format": "JavaScript", "description": "Implementation of Minimax algorithm for a 3x3 Tic Tac Toe game, including functions to evaluate game state, determine optimal moves, and assess game outcomes.", "external_files": [], "external_methods": [], "published": ["getBestMove", "getGameOutcome"], "classes": [], "methods": [{"name": "getWinner(board)", "description": "Determines the winner of the current Tic Tac Toe board, if any.", "scope": "", "scopeKind": ""}, {"name": "getAvailableMoves(board)", "description": "Returns a list of available move positions (indices) on the current board.", "scope": "", "scopeKind": ""}, {"name": "isDraw(board)", "description": "Checks if the game is a draw, i.e., no winner and no remaining moves.", "scope": "", "scopeKind": ""}, {"name": "scoreTerminal(board, aiPlayer, humanPlayer, depth)", "description": "Evaluates the terminal state of the board from the AI's perspective, with preference for quicker wins and slower losses.", "scope": "", "scopeKind": ""}, {"name": "minimax(board, currentPlayer, aiPlayer, humanPlayer, depth)", "description": "Recursively evaluates moves to determine the optimal move using the Minimax algorithm.", "scope": "", "scopeKind": ""}, {"name": "getBestMove(board, aiPlayer, humanPlayer, options = {})", "description": "Public function that returns the best move index for the AI, considering difficulty levels.", "scope": "", "scopeKind": ""}, {"name": "getGameOutcome(board)", "description": "Returns the current game outcome, including the winner and whether the game is a draw.", "scope": "", "scopeKind": ""}], "calls": ["getWinner", "getAvailableMoves", "isDraw", "scoreTerminal", "minimax"], "search-terms": ["minimax", "tic tac toe", "getBestMove", "game outcome", "AI move", "game evaluation"], "state": 2, "file_id": 5, "knowledge_revision": 14, "git_revision": "2920e8264ec549275676f082bf4faecd9b5c921b", "ctags": [{"_type": "tag", "name": "LINES", "path": "/home/kavia/workspace/code-generation/browser-tic-tac-toe-200990-200999/tic_tac_toe_frontend/src/ai/minimax.js", "pattern": "/^const LINES = [$/", "language": "JavaScript", "kind": "constant"}, {"_type": "tag", "name": "best", "path": "/home/kavia/workspace/code-generation/browser-tic-tac-toe-200990-200999/tic_tac_toe_frontend/src/ai/minimax.js", "pattern": "/^  let best = {$/", "language": "JavaScript", "kind": "class", "scope": "minimax", "scopeKind": "class"}, {"_type": "tag", "name": "getAvailableMoves", "path": "/home/kavia/workspace/code-generation/browser-tic-tac-toe-200990-200999/tic_tac_toe_frontend/src/ai/minimax.js", "pattern": "/^function getAvailableMoves(board) {$/", "language": "JavaScript", "kind": "function", "signature": "(board)"}, {"_type": "tag", "name": "getBestMove", "path": "/home/kavia/workspace/code-generation/browser-tic-tac-toe-200990-200999/tic_tac_toe_frontend/src/ai/minimax.js", "pattern": "/^export function getBestMove(board, aiPlayer, humanPlayer, options = {}) {$/", "language": "JavaScript", "kind": "function", "signature": "(board, aiPlayer, humanPlayer, options = {})"}, {"_type": "tag", "name": "getGameOutcome", "path": "/home/kavia/workspace/code-generation/browser-tic-tac-toe-200990-200999/tic_tac_toe_frontend/src/ai/minimax.js", "pattern": "/^export function getGameOutcome(board) {$/", "language": "JavaScript", "kind": "function", "signature": "(board)"}, {"_type": "tag", "name": "getWinner", "path": "/home/kavia/workspace/code-generation/browser-tic-tac-toe-200990-200999/tic_tac_toe_frontend/src/ai/minimax.js", "pattern": "/^function getWinner(board) {$/", "language": "JavaScript", "kind": "function", "signature": "(board)"}, {"_type": "tag", "name": "isDraw", "path": "/home/kavia/workspace/code-generation/browser-tic-tac-toe-200990-200999/tic_tac_toe_frontend/src/ai/minimax.js", "pattern": "/^function isDraw(board) {$/", "language": "JavaScript", "kind": "function", "signature": "(board)"}, {"_type": "tag", "name": "minimax", "path": "/home/kavia/workspace/code-generation/browser-tic-tac-toe-200990-200999/tic_tac_toe_frontend/src/ai/minimax.js", "pattern": "/^function minimax(board, currentPlayer, aiPlayer, humanPlayer, depth) {$/", "language": "JavaScript", "kind": "function", "signature": "(board, currentPlayer, aiPlayer, humanPlayer, depth)"}, {"_type": "tag", "name": "move", "path": "/home/kavia/workspace/code-generation/browser-tic-tac-toe-200990-200999/tic_tac_toe_frontend/src/ai/minimax.js", "pattern": "/^    move: null$/", "language": "JavaScript", "kind": "property", "scope": "minimax.best", "scopeKind": "class"}, {"_type": "tag", "name": "score", "path": "/home/kavia/workspace/code-generation/browser-tic-tac-toe-200990-200999/tic_tac_toe_frontend/src/ai/minimax.js", "pattern": "/^    score: maximizing ? -Infinity : Infinity,$/", "language": "JavaScript", "kind": "property", "scope": "minimax.best", "scopeKind": "class"}, {"_type": "tag", "name": "scoreTerminal", "path": "/home/kavia/workspace/code-generation/browser-tic-tac-toe-200990-200999/tic_tac_toe_frontend/src/ai/minimax.js", "pattern": "/^function scoreTerminal(board, aiPlayer, humanPlayer, depth) {$/", "language": "JavaScript", "kind": "function", "signature": "(board, aiPlayer, humanPlayer, depth)"}], "hash": "41191a565054a5a735d5f39563b14356", "format-version": 4, "code-base-name": "tic_tac_toe_frontend", "filename": "tic_tac_toe_frontend/src/ai/minimax.js", "fields": [{"name": "move: null", "scope": "minimax.best", "scopeKind": "class", "description": "unavailable"}, {"name": "score: maximizing ? -Infinity : Infinity,", "scope": "minimax.best", "scopeKind": "class", "description": "unavailable"}], "revision_history": [{"14": "2920e8264ec549275676f082bf4faecd9b5c921b"}]}