{"is_source_file": false, "format": "", "description": "", "external_files": [], "external_methods": [], "published": [], "classes": [], "methods": [], "calls": [], "search-terms": [], "state": 2, "file_id": 7, "knowledge_revision": 16, "git_revision": "2920e8264ec549275676f082bf4faecd9b5c921b", "hash": "26c1da27735b069d29fe2506e9dd17c9", "format-version": 4, "code-base-name": "tic_tac_toe_frontend", "filename": "tic_tac_toe_frontend/src/styles.css", "revision_history": [{"16": "2920e8264ec549275676f082bf4faecd9b5c921b"}]}