{"is_source_file": true, "format": "JavaScript", "description": "React component implementing a Tic Tac Toe game with AI integration, including game state management, AI move calculation, and user interface components.", "external_files": ["./ai/minimax"], "external_methods": ["getAiMove", "getGameOutcome"], "published": ["App"], "classes": [], "methods": [{"name": "Square({ value, onClick, disabled })", "description": "Functional component rendering a single square button in the Tic Tac Toe grid.", "scope": "", "scopeKind": ""}, {"name": "Board({ squares, onPlay, disabled })", "description": "Functional component rendering the game board composed of multiple Square components.", "scope": "", "scopeKind": ""}, {"name": "nextPlayer(p)", "description": "Determines the next player symbol ('X' or 'O') based on current.", "scope": "", "scopeKind": ""}, {"name": "emptyBoard()", "description": "Creates and returns a new empty game board array.", "scope": "", "scopeKind": ""}, {"name": "computeStatus({ mode, aiThinking, outcome, xIsNext, humanPlayer, aiPlayer })", "description": "Computes and returns the current game status message based on game state parameters.", "scope": "", "scopeKind": ""}, {"name": "App()", "scope": "", "scopeKind": "", "description": "unavailable"}, {"name": "handlePlay(index)", "scope": "App", "scopeKind": "function", "description": "unavailable"}, {"name": "resetBoardOnly()", "scope": "App", "scopeKind": "function", "description": "unavailable"}], "calls": ["React.useEffect", "React.useState", "React.useMemo", "getAiMove", "getGameOutcome", "setSquares", "setXIsNext", "setAiThinking", "useEffect", "setTimeout", "window.clearTimeout", "setMode", "setHumanPlayer", "setDifficulty", "setAiThinking", "setSquares", "setXIsNext"], "search-terms": ["React Tic Tac Toe", "AI move calculation", "Game outcome", "React hooks"], "state": 2, "file_id": 6, "knowledge_revision": 19, "git_revision": "45c22b83df23f85a072de90601b017e631e16bc6", "revision_history": [{"15": "2920e8264ec549275676f082bf4faecd9b5c921b"}, {"19": "45c22b83df23f85a072de90601b017e631e16bc6"}], "ctags": [{"_type": "tag", "name": "App", "path": "/home/kavia/workspace/code-generation/browser-tic-tac-toe-200990-200999/tic_tac_toe_frontend/src/App.js", "pattern": "/^export default function App() {$/", "language": "JavaScript", "kind": "function", "signature": "()"}, {"_type": "tag", "name": "Board", "path": "/home/kavia/workspace/code-generation/browser-tic-tac-toe-200990-200999/tic_tac_toe_frontend/src/App.js", "pattern": "/^function Board({ squares, onPlay, disabled }) {$/", "language": "JavaScript", "kind": "function", "signature": "({ squares, onPlay, disabled })"}, {"_type": "tag", "name": "Square", "path": "/home/kavia/workspace/code-generation/browser-tic-tac-toe-200990-200999/tic_tac_toe_frontend/src/App.js", "pattern": "/^function Square({ value, onClick, disabled }) {$/", "language": "JavaScript", "kind": "function", "signature": "({ value, onClick, disabled })"}, {"_type": "tag", "name": "aiThinking", "path": "/home/kavia/workspace/code-generation/browser-tic-tac-toe-200990-200999/tic_tac_toe_frontend/src/App.js", "pattern": "/^                disabled={aiThinking}$/", "language": "JavaScript", "kind": "field", "scope": "App.disabled", "scopeKind": "class"}, {"_type": "tag", "name": "computeStatus", "path": "/home/kavia/workspace/code-generation/browser-tic-tac-toe-200990-200999/tic_tac_toe_frontend/src/App.js", "pattern": "/^function computeStatus({$/", "language": "JavaScript", "kind": "function", "signature": "({ mode, aiThinking, outcome, xIsNext, humanPlayer, aiPlayer })"}, {"_type": "tag", "name": "difficulty", "path": "/home/kavia/workspace/code-generation/browser-tic-tac-toe-200990-200999/tic_tac_toe_frontend/src/App.js", "pattern": "/^                value={difficulty}$/", "language": "JavaScript", "kind": "field", "scope": "App.value", "scopeKind": "class"}, {"_type": "tag", "name": "disabled", "path": "/home/kavia/workspace/code-generation/browser-tic-tac-toe-200990-200999/tic_tac_toe_frontend/src/App.js", "pattern": "/^      disabled={disabled}$/", "language": "JavaScript", "kind": "field", "scope": "Square.disabled", "scopeKind": "class"}, {"_type": "tag", "name": "emptyBoard", "path": "/home/kavia/workspace/code-generation/browser-tic-tac-toe-200990-200999/tic_tac_toe_frontend/src/App.js", "pattern": "/^function emptyBoard() {$/", "language": "JavaScript", "kind": "function", "signature": "()"}, {"_type": "tag", "name": "handlePlay", "path": "/home/kavia/workspace/code-generation/browser-tic-tac-toe-200990-200999/tic_tac_toe_frontend/src/App.js", "pattern": "/^  function handlePlay(index) {$/", "language": "JavaScript", "kind": "function", "signature": "(index)", "scope": "App", "scopeKind": "function"}, {"_type": "tag", "name": "humanPlayer", "path": "/home/kavia/workspace/code-generation/browser-tic-tac-toe-200990-200999/tic_tac_toe_frontend/src/App.js", "pattern": "/^                value={humanPlayer}$/", "language": "JavaScript", "kind": "field", "scope": "App.value", "scopeKind": "class"}, {"_type": "tag", "name": "mode", "path": "/home/kavia/workspace/code-generation/browser-tic-tac-toe-200990-200999/tic_tac_toe_frontend/src/App.js", "pattern": "/^                disabled={mode !== \"HUMAN_AI\" || aiThinking}$/", "language": "JavaScript", "kind": "field", "scope": "App.disabled", "scopeKind": "class"}, {"_type": "tag", "name": "mode", "path": "/home/kavia/workspace/code-generation/browser-tic-tac-toe-200990-200999/tic_tac_toe_frontend/src/App.js", "pattern": "/^                value={mode}$/", "language": "JavaScript", "kind": "field", "scope": "App.value", "scopeKind": "class"}, {"_type": "tag", "name": "nextPlayer", "path": "/home/kavia/workspace/code-generation/browser-tic-tac-toe-200990-200999/tic_tac_toe_frontend/src/App.js", "pattern": "/^function nextPlayer(p) {$/", "language": "JavaScript", "kind": "function", "signature": "(p)"}, {"_type": "tag", "name": "onClick", "path": "/home/kavia/workspace/code-generation/browser-tic-tac-toe-200990-200999/tic_tac_toe_frontend/src/App.js", "pattern": "/^      onClick={onClick}$/", "language": "JavaScript", "kind": "field", "scope": "Square.onClick", "scopeKind": "class"}, {"_type": "tag", "name": "resetBoardOnly", "path": "/home/kavia/workspace/code-generation/browser-tic-tac-toe-200990-200999/tic_tac_toe_frontend/src/App.js", "pattern": "/^  function resetBoardOnly() {$/", "language": "JavaScript", "kind": "function", "signature": "()", "scope": "App", "scopeKind": "function"}, {"_type": "tag", "name": "value", "path": "/home/kavia/workspace/code-generation/browser-tic-tac-toe-200990-200999/tic_tac_toe_frontend/src/App.js", "pattern": "/^      aria-label={value ? `Square ${value}` : \"Empty square\"}$/", "language": "JavaScript", "kind": "field", "scope": "Square.aria", "scopeKind": "class"}], "hash": "eeb4b0de1096178909383c401cf9a71f", "format-version": 4, "code-base-name": "tic_tac_toe_frontend", "filename": "tic_tac_toe_frontend/src/App.js", "fields": [{"name": "disabled={aiThinking}", "scope": "App.disabled", "scopeKind": "class", "description": "unavailable"}, {"name": "value={difficulty}", "scope": "App.value", "scopeKind": "class", "description": "unavailable"}, {"name": "disabled={disabled}", "scope": "Square.disabled", "scopeKind": "class", "description": "unavailable"}, {"name": "value={humanPlayer}", "scope": "App.value", "scopeKind": "class", "description": "unavailable"}, {"name": "disabled={mode !== \"HUMAN_AI\" || aiThinking}", "scope": "App.disabled", "scopeKind": "class", "description": "unavailable"}, {"name": "value={mode}", "scope": "App.value", "scopeKind": "class", "description": "unavailable"}, {"name": "onClick={onClick}", "scope": "Square.onClick", "scopeKind": "class", "description": "unavailable"}, {"name": "aria-label={value ? `Square ${value}` : \"Empty square\"}", "scope": "Square.aria", "scopeKind": "class", "description": "unavailable"}]}