{"is_source_file": false, "format": "", "description": "", "external_files": [], "external_methods": [], "published": [], "classes": [], "methods": [], "calls": [], "search-terms": [], "state": 2, "file_id": 7, "knowledge_revision": 21, "git_revision": "48d0820f8d1bef3d7cdb34bd7cff405f83c84af3", "hash": "60c70ea5e8cc5c4815264bf28f7c4407", "format-version": 4, "code-base-name": "tic_tac_toe_frontend", "filename": "tic_tac_toe_frontend/src/styles.css", "revision_history": [{"21": "48d0820f8d1bef3d7cdb34bd7cff405f83c84af3"}]}