{"is_source_file": false, "format": "", "description": "", "external_files": [], "external_methods": [], "published": [], "classes": [], "methods": [], "calls": [], "search-terms": [], "state": 2, "file_id": 8, "knowledge_revision": 22, "git_revision": "48d0820f8d1bef3d7cdb34bd7cff405f83c84af3", "hash": "7103336f9161f65cd2f1b22ffd962029", "format-version": 4, "code-base-name": "tic_tac_toe_frontend", "filename": "tic_tac_toe_frontend/README.md", "revision_history": [{"22": "48d0820f8d1bef3d7cdb34bd7cff405f83c84af3"}]}