{"is_source_file": false, "format": "", "description": "", "external_files": [], "external_methods": [], "published": [], "classes": [], "methods": [], "calls": [], "search-terms": [], "state": 2, "file_id": 4, "knowledge_revision": 27, "git_revision": "4570b45bf604178004e21237d19e0245a4e6a5d3", "hash": "a4f737844e37963169ef840bcacf5bad", "format-version": 4, "code-base-name": "tic_tac_toe_frontend", "filename": "tic_tac_toe_frontend/src/App.css", "revision_history": [{"27": "4570b45bf604178004e21237d19e0245a4e6a5d3"}]}