{"is_source_file": false, "format": "", "description": "", "external_files": [], "external_methods": [], "published": [], "classes": [], "methods": [], "calls": [], "search-terms": [], "state": 2, "file_id": 3, "knowledge_revision": 18, "git_revision": "4570b45bf604178004e21237d19e0245a4e6a5d3", "hash": "d9d975cebe2ec20b6c652e1e4c12ccf0", "format-version": 4, "code-base-name": "tic_tac_toe_frontend", "filename": "tic_tac_toe_frontend/public/manifest.json", "revision_history": [{"18": "4570b45bf604178004e21237d19e0245a4e6a5d3"}]}