{"is_source_file": true, "format": "JavaScript", "description": "This file is the entry point for a React-based frontend application. It imports React and ReactDOM, along with a CSS stylesheet and the main App component, then renders the App component into the DOM element with id 'root'.", "external_files": ["react", "react-dom", "./index.css", "./App"], "external_methods": [], "published": [], "classes": [], "methods": [], "calls": ["ReactDOM.createRoot", "root.render", "React.StrictMode", "App"], "search-terms": ["ReactDOM", "createRoot", "index.js", "React", "render", "App", "frontend", "entry point"], "state": 2, "file_id": 9, "knowledge_revision": 24, "git_revision": "4570b45bf604178004e21237d19e0245a4e6a5d3", "ctags": [{"_type": "tag", "name": "root", "path": "/home/kavia/workspace/code-generation/browser-tic-tac-toe-200990-200999/tic_tac_toe_frontend/src/index.js", "pattern": "/^const root = ReactDOM.createRoot(document.getElementById('root'));$/", "language": "JavaScript", "kind": "constant"}], "hash": "9fc5841375336fc175b49f8767a11383", "format-version": 4, "code-base-name": "tic_tac_toe_frontend", "filename": "tic_tac_toe_frontend/src/index.js", "revision_history": [{"24": "4570b45bf604178004e21237d19e0245a4e6a5d3"}]}