{"is_source_file": true, "format": "JavaScript", "description": "This file contains a Minimax implementation and related AI strategies for a 3x3 Tic Tac Toe game, including functions for move selection at different difficulty levels, winner detection, and game outcome reporting.", "external_files": [], "external_methods": [], "published": ["getAiMove", "getBestMove", "getGameOutcome"], "classes": [], "methods": [{"name": "getWinner(board)", "description": "Determines the winner of the current board state by checking predefined winning line combinations.", "scope": "", "scopeKind": ""}, {"name": "getAvailableMoves(board)", "description": "Returns an array of indices of empty spots on the board where moves can still be made.", "scope": "", "scopeKind": ""}, {"name": "isDraw(board)", "description": "Checks if the game is a draw (no winner and no available moves).", "scope": "", "scopeKind": ""}, {"name": "scoreTerminal(board, aiPlayer, humanPlayer, depth)", "description": "Scores a terminal board state from the AI's perspective, giving preference to faster wins and slower losses.", "scope": "", "scopeKind": ""}, {"name": "minimax(board, currentPlayer, aiPlayer, humanPlayer, depth)", "description": "Recursively evaluates possible moves using the Minimax algorithm to find the optimal move for the AI.", "scope": "", "scopeKind": ""}, {"name": "getRandomElement(arr)", "description": "Selects a random element from an array.", "scope": "", "scopeKind": ""}, {"name": "getNonLosingMoves(board, aiPlayer, humanPlayer)", "description": "Finds moves that do not lead to an immediate loss for the AI.", "scope": "", "scopeKind": ""}, {"name": "getMoveEasy(board)", "description": "Selects a move randomly, with some bias towards corners and the center.", "scope": "", "scopeKind": ""}, {"name": "getMoveHard(board, aiPlayer, humanPlayer)", "description": "Uses Minimax to select the optimal move for the AI.", "scope": "", "scopeKind": ""}, {"name": "getMoveMedium(board, aiPlayer, humanPlayer)", "description": "Chooses a move based on a mixture of optimal strategy and safety, with some randomness.", "scope": "", "scopeKind": ""}, {"name": "getAiMove(board, aiSymbol, humanSymbol, difficulty = \"Medium\")", "scope": "", "scopeKind": "", "description": "unavailable"}, {"name": "getBestMove(board, aiPlayer, humanPlayer, options = {})", "scope": "", "scopeKind": "", "description": "unavailable"}, {"name": "getGameOutcome(board)", "scope": "", "scopeKind": "", "description": "unavailable"}], "calls": ["getAvailableMoves", "getWinner", "minimax", "getRandomElement", "getNonLosingMoves"], "search-terms": ["minimax", "tic tac toe AI", "getAiMove", "game outcome", "difficulty levels", "best move calculation", "game state evaluation"], "state": 2, "file_id": 5, "knowledge_revision": 18, "git_revision": "45c22b83df23f85a072de90601b017e631e16bc6", "revision_history": [{"14": "2920e8264ec549275676f082bf4faecd9b5c921b"}, {"18": "45c22b83df23f85a072de90601b017e631e16bc6"}], "ctags": [{"_type": "tag", "name": "LINES", "path": "/home/kavia/workspace/code-generation/browser-tic-tac-toe-200990-200999/tic_tac_toe_frontend/src/ai/minimax.js", "pattern": "/^const LINES = [$/", "language": "JavaScript", "kind": "constant"}, {"_type": "tag", "name": "best", "path": "/home/kavia/workspace/code-generation/browser-tic-tac-toe-200990-200999/tic_tac_toe_frontend/src/ai/minimax.js", "pattern": "/^  let best = {$/", "language": "JavaScript", "kind": "class", "scope": "minimax", "scopeKind": "class"}, {"_type": "tag", "name": "getAiMove", "path": "/home/kavia/workspace/code-generation/browser-tic-tac-toe-200990-200999/tic_tac_toe_frontend/src/ai/minimax.js", "pattern": "/^export function getAiMove(board, aiSymbol, humanSymbol, difficulty = \"Medium\") {$/", "language": "JavaScript", "kind": "function", "signature": "(board, aiSymbol, humanSymbol, difficulty = \"Medium\")"}, {"_type": "tag", "name": "getAvailableMoves", "path": "/home/kavia/workspace/code-generation/browser-tic-tac-toe-200990-200999/tic_tac_toe_frontend/src/ai/minimax.js", "pattern": "/^function getAvailableMoves(board) {$/", "language": "JavaScript", "kind": "function", "signature": "(board)"}, {"_type": "tag", "name": "getBestMove", "path": "/home/kavia/workspace/code-generation/browser-tic-tac-toe-200990-200999/tic_tac_toe_frontend/src/ai/minimax.js", "pattern": "/^export function getBestMove(board, aiPlayer, humanPlayer, options = {}) {$/", "language": "JavaScript", "kind": "function", "signature": "(board, aiPlayer, humanPlayer, options = {})"}, {"_type": "tag", "name": "getGameOutcome", "path": "/home/kavia/workspace/code-generation/browser-tic-tac-toe-200990-200999/tic_tac_toe_frontend/src/ai/minimax.js", "pattern": "/^export function getGameOutcome(board) {$/", "language": "JavaScript", "kind": "function", "signature": "(board)"}, {"_type": "tag", "name": "getMoveEasy", "path": "/home/kavia/workspace/code-generation/browser-tic-tac-toe-200990-200999/tic_tac_toe_frontend/src/ai/minimax.js", "pattern": "/^function getMoveEasy(board) {$/", "language": "JavaScript", "kind": "function", "signature": "(board)"}, {"_type": "tag", "name": "getMoveHard", "path": "/home/kavia/workspace/code-generation/browser-tic-tac-toe-200990-200999/tic_tac_toe_frontend/src/ai/minimax.js", "pattern": "/^function getMoveHard(board, aiPlayer, humanPlayer) {$/", "language": "JavaScript", "kind": "function", "signature": "(board, aiPlayer, humanPlayer)"}, {"_type": "tag", "name": "getMoveMedium", "path": "/home/kavia/workspace/code-generation/browser-tic-tac-toe-200990-200999/tic_tac_toe_frontend/src/ai/minimax.js", "pattern": "/^function getMoveMedium(board, aiPlayer, humanPlayer) {$/", "language": "JavaScript", "kind": "function", "signature": "(board, aiPlayer, humanPlayer)"}, {"_type": "tag", "name": "getNonLosingMoves", "path": "/home/kavia/workspace/code-generation/browser-tic-tac-toe-200990-200999/tic_tac_toe_frontend/src/ai/minimax.js", "pattern": "/^function getNonLosingMoves(board, aiPlayer, humanPlayer) {$/", "language": "JavaScript", "kind": "function", "signature": "(board, aiPlayer, humanPlayer)"}, {"_type": "tag", "name": "getRandomElement", "path": "/home/kavia/workspace/code-generation/browser-tic-tac-toe-200990-200999/tic_tac_toe_frontend/src/ai/minimax.js", "pattern": "/^function getRandomElement(arr) {$/", "language": "JavaScript", "kind": "function", "signature": "(arr)"}, {"_type": "tag", "name": "getWinner", "path": "/home/kavia/workspace/code-generation/browser-tic-tac-toe-200990-200999/tic_tac_toe_frontend/src/ai/minimax.js", "pattern": "/^function getWinner(board) {$/", "language": "JavaScript", "kind": "function", "signature": "(board)"}, {"_type": "tag", "name": "isDraw", "path": "/home/kavia/workspace/code-generation/browser-tic-tac-toe-200990-200999/tic_tac_toe_frontend/src/ai/minimax.js", "pattern": "/^function isDraw(board) {$/", "language": "JavaScript", "kind": "function", "signature": "(board)"}, {"_type": "tag", "name": "minimax", "path": "/home/kavia/workspace/code-generation/browser-tic-tac-toe-200990-200999/tic_tac_toe_frontend/src/ai/minimax.js", "pattern": "/^function minimax(board, currentPlayer, aiPlayer, humanPlayer, depth) {$/", "language": "JavaScript", "kind": "function", "signature": "(board, currentPlayer, aiPlayer, humanPlayer, depth)"}, {"_type": "tag", "name": "move", "path": "/home/kavia/workspace/code-generation/browser-tic-tac-toe-200990-200999/tic_tac_toe_frontend/src/ai/minimax.js", "pattern": "/^    move: null$/", "language": "JavaScript", "kind": "property", "scope": "minimax.best", "scopeKind": "class"}, {"_type": "tag", "name": "score", "path": "/home/kavia/workspace/code-generation/browser-tic-tac-toe-200990-200999/tic_tac_toe_frontend/src/ai/minimax.js", "pattern": "/^    score: maximizing ? -Infinity : Infinity,$/", "language": "JavaScript", "kind": "property", "scope": "minimax.best", "scopeKind": "class"}, {"_type": "tag", "name": "scoreTerminal", "path": "/home/kavia/workspace/code-generation/browser-tic-tac-toe-200990-200999/tic_tac_toe_frontend/src/ai/minimax.js", "pattern": "/^function scoreTerminal(board, aiPlayer, humanPlayer, depth) {$/", "language": "JavaScript", "kind": "function", "signature": "(board, aiPlayer, humanPlayer, depth)"}], "hash": "ddee199bf3c1654ed8d3f2b3b7f0333f", "format-version": 4, "code-base-name": "tic_tac_toe_frontend", "filename": "tic_tac_toe_frontend/src/ai/minimax.js", "fields": [{"name": "move: null", "scope": "minimax.best", "scopeKind": "class", "description": "unavailable"}, {"name": "score: maximizing ? -Infinity : Infinity,", "scope": "minimax.best", "scopeKind": "class", "description": "unavailable"}]}