{"is_source_file": true, "format": "JavaScript/React", "description": "This file is a React component implementing a Tic Tac Toe game interface with AI integration, managing game state, UI rendering, and interactions.", "external_files": ["./ai/minimax"], "external_methods": ["getBestMove", "getGameOutcome"], "published": ["default (App component)"], "classes": [], "methods": [{"name": "Square({ value, onClick, disabled })", "description": "React component for individual game squares, displays value, handles click and accessibility.", "scope": "", "scopeKind": ""}, {"name": "Board({ squares, onPlay, disabled })", "description": "React component representing the game board, renders multiple Square components and handles user interactions.", "scope": "", "scopeKind": ""}, {"name": "nextPlayer(p)", "description": "Utility function to switch players between 'X' and 'O'.", "scope": "", "scopeKind": ""}, {"name": "emptyBoard()", "description": "Utility function to generate a blank Tic Tac Toe board represented as an array of nulls.", "scope": "", "scopeKind": ""}, {"name": "computeStatus({ mode, aiThinking, outcome, xIsNext, humanPlayer, aiPlayer })", "description": "Function to compute the game's current status message based on game state parameters.", "scope": "", "scopeKind": ""}, {"name": "App()", "description": "Main React component managing overall game state, user interactions, AI moves, and rendering the game UI.", "scope": "", "scopeKind": ""}, {"name": "handlePlay(index)", "scope": "App", "scopeKind": "function", "description": "unavailable"}, {"name": "resetBoardOnly()", "scope": "App", "scopeKind": "function", "description": "unavailable"}], "calls": ["getGameOutcome(squares)", "getBestMove(squares, aiPlayer, humanPlayer, { difficulty })"], "search-terms": ["Tic Tac Toe React", "AI move implementation", "Game state management", "Square component", "Board component", "AI difficulty", "player switching", "game outcome"], "state": 2, "file_id": 6, "knowledge_revision": 15, "git_revision": "2920e8264ec549275676f082bf4faecd9b5c921b", "ctags": [{"_type": "tag", "name": "App", "path": "/home/kavia/workspace/code-generation/browser-tic-tac-toe-200990-200999/tic_tac_toe_frontend/src/App.js", "pattern": "/^export default function App() {$/", "language": "JavaScript", "kind": "function", "signature": "()"}, {"_type": "tag", "name": "Board", "path": "/home/kavia/workspace/code-generation/browser-tic-tac-toe-200990-200999/tic_tac_toe_frontend/src/App.js", "pattern": "/^function Board({ squares, onPlay, disabled }) {$/", "language": "JavaScript", "kind": "function", "signature": "({ squares, onPlay, disabled })"}, {"_type": "tag", "name": "Square", "path": "/home/kavia/workspace/code-generation/browser-tic-tac-toe-200990-200999/tic_tac_toe_frontend/src/App.js", "pattern": "/^function Square({ value, onClick, disabled }) {$/", "language": "JavaScript", "kind": "function", "signature": "({ value, onClick, disabled })"}, {"_type": "tag", "name": "aiThinking", "path": "/home/kavia/workspace/code-generation/browser-tic-tac-toe-200990-200999/tic_tac_toe_frontend/src/App.js", "pattern": "/^                disabled={aiThinking}$/", "language": "JavaScript", "kind": "field", "scope": "App.disabled", "scopeKind": "class"}, {"_type": "tag", "name": "computeStatus", "path": "/home/kavia/workspace/code-generation/browser-tic-tac-toe-200990-200999/tic_tac_toe_frontend/src/App.js", "pattern": "/^function computeStatus({$/", "language": "JavaScript", "kind": "function", "signature": "({ mode, aiThinking, outcome, xIsNext, humanPlayer, aiPlayer })"}, {"_type": "tag", "name": "difficulty", "path": "/home/kavia/workspace/code-generation/browser-tic-tac-toe-200990-200999/tic_tac_toe_frontend/src/App.js", "pattern": "/^                value={difficulty}$/", "language": "JavaScript", "kind": "field", "scope": "App.value", "scopeKind": "class"}, {"_type": "tag", "name": "disabled", "path": "/home/kavia/workspace/code-generation/browser-tic-tac-toe-200990-200999/tic_tac_toe_frontend/src/App.js", "pattern": "/^      disabled={disabled}$/", "language": "JavaScript", "kind": "field", "scope": "Square.disabled", "scopeKind": "class"}, {"_type": "tag", "name": "emptyBoard", "path": "/home/kavia/workspace/code-generation/browser-tic-tac-toe-200990-200999/tic_tac_toe_frontend/src/App.js", "pattern": "/^function emptyBoard() {$/", "language": "JavaScript", "kind": "function", "signature": "()"}, {"_type": "tag", "name": "handlePlay", "path": "/home/kavia/workspace/code-generation/browser-tic-tac-toe-200990-200999/tic_tac_toe_frontend/src/App.js", "pattern": "/^  function handlePlay(index) {$/", "language": "JavaScript", "kind": "function", "signature": "(index)", "scope": "App", "scopeKind": "function"}, {"_type": "tag", "name": "humanPlayer", "path": "/home/kavia/workspace/code-generation/browser-tic-tac-toe-200990-200999/tic_tac_toe_frontend/src/App.js", "pattern": "/^                value={humanPlayer}$/", "language": "JavaScript", "kind": "field", "scope": "App.value", "scopeKind": "class"}, {"_type": "tag", "name": "mode", "path": "/home/kavia/workspace/code-generation/browser-tic-tac-toe-200990-200999/tic_tac_toe_frontend/src/App.js", "pattern": "/^                disabled={mode !== \"HUMAN_AI\" || aiThinking}$/", "language": "JavaScript", "kind": "field", "scope": "App.disabled", "scopeKind": "class"}, {"_type": "tag", "name": "mode", "path": "/home/kavia/workspace/code-generation/browser-tic-tac-toe-200990-200999/tic_tac_toe_frontend/src/App.js", "pattern": "/^                value={mode}$/", "language": "JavaScript", "kind": "field", "scope": "App.value", "scopeKind": "class"}, {"_type": "tag", "name": "nextPlayer", "path": "/home/kavia/workspace/code-generation/browser-tic-tac-toe-200990-200999/tic_tac_toe_frontend/src/App.js", "pattern": "/^function nextPlayer(p) {$/", "language": "JavaScript", "kind": "function", "signature": "(p)"}, {"_type": "tag", "name": "onClick", "path": "/home/kavia/workspace/code-generation/browser-tic-tac-toe-200990-200999/tic_tac_toe_frontend/src/App.js", "pattern": "/^      onClick={onClick}$/", "language": "JavaScript", "kind": "field", "scope": "Square.onClick", "scopeKind": "class"}, {"_type": "tag", "name": "resetBoardOnly", "path": "/home/kavia/workspace/code-generation/browser-tic-tac-toe-200990-200999/tic_tac_toe_frontend/src/App.js", "pattern": "/^  function resetBoardOnly() {$/", "language": "JavaScript", "kind": "function", "signature": "()", "scope": "App", "scopeKind": "function"}, {"_type": "tag", "name": "value", "path": "/home/kavia/workspace/code-generation/browser-tic-tac-toe-200990-200999/tic_tac_toe_frontend/src/App.js", "pattern": "/^      aria-label={value ? `Square ${value}` : \"Empty square\"}$/", "language": "JavaScript", "kind": "field", "scope": "Square.aria", "scopeKind": "class"}], "hash": "51893c5226e191107d2c3fcebc91f699", "format-version": 4, "code-base-name": "tic_tac_toe_frontend", "filename": "tic_tac_toe_frontend/src/App.js", "fields": [{"name": "disabled={aiThinking}", "scope": "App.disabled", "scopeKind": "class", "description": "unavailable"}, {"name": "value={difficulty}", "scope": "App.value", "scopeKind": "class", "description": "unavailable"}, {"name": "disabled={disabled}", "scope": "Square.disabled", "scopeKind": "class", "description": "unavailable"}, {"name": "value={humanPlayer}", "scope": "App.value", "scopeKind": "class", "description": "unavailable"}, {"name": "disabled={mode !== \"HUMAN_AI\" || aiThinking}", "scope": "App.disabled", "scopeKind": "class", "description": "unavailable"}, {"name": "value={mode}", "scope": "App.value", "scopeKind": "class", "description": "unavailable"}, {"name": "onClick={onClick}", "scope": "Square.onClick", "scopeKind": "class", "description": "unavailable"}, {"name": "aria-label={value ? `Square ${value}` : \"Empty square\"}", "scope": "Square.aria", "scopeKind": "class", "description": "unavailable"}], "revision_history": [{"15": "2920e8264ec549275676f082bf4faecd9b5c921b"}]}