{"is_source_file": false, "format": "", "description": "", "external_files": [], "external_methods": [], "published": [], "classes": [], "methods": [], "calls": [], "search-terms": [], "state": 2, "file_id": 6, "knowledge_revision": 28, "git_revision": "4570b45bf604178004e21237d19e0245a4e6a5d3", "hash": "a3df204b6820ad6b8c4a9c391ca747f3", "format-version": 4, "code-base-name": "tic_tac_toe_frontend", "filename": "tic_tac_toe_frontend/src/index.css", "revision_history": [{"28": "4570b45bf604178004e21237d19e0245a4e6a5d3"}]}