{"is_source_file": true, "format": "JavaScript", "description": "The file sets up the React application's entry point by importing React, ReactDOM, and the main App component, then renders the App component into the DOM element with id 'root'.", "external_files": ["./App", "./styles.css"], "external_methods": [], "published": [], "classes": [], "methods": [], "calls": ["ReactDOM.render"], "search-terms": ["React", "ReactDOM", "index.js", "entry point", "render", "React component", "App component"], "state": 2, "file_id": 4, "knowledge_revision": 13, "git_revision": "2920e8264ec549275676f082bf4faecd9b5c921b", "ctags": [], "hash": "f3d7264549017c6820b8ddff34a80c0c", "format-version": 4, "code-base-name": "tic_tac_toe_frontend", "filename": "tic_tac_toe_frontend/src/index.js", "revision_history": [{"13": "2920e8264ec549275676f082bf4faecd9b5c921b"}]}