{"is_source_file": true, "format": "JavaScript (React JSX)", "description": "A React component named ThemeToggle that renders a toggle button to switch between light and dark themes.", "external_files": [], "external_methods": [], "published": ["default exported React component ThemeToggle"], "classes": [], "methods": [{"name": "ThemeToggle({ theme, onToggle })", "description": "Functional React component rendering a theme toggle button with accessibility features.", "scope": "", "scopeKind": ""}], "calls": ["onToggle"], "search-terms": ["React", "ThemeToggle", "jsx", "button", "dark mode", "light mode"], "state": 2, "file_id": 9, "knowledge_revision": 24, "git_revision": "1c0406c2247bdd8adbb7896431133c63de7625f8", "ctags": [{"_type": "tag", "name": "ThemeToggle", "path": "/home/kavia/workspace/code-generation/browser-tic-tac-toe-200990-200999/tic_tac_toe_frontend/src/components/ThemeToggle.jsx", "pattern": "/^export default function ThemeToggle({ theme, onToggle }) {$/", "language": "JavaScript", "kind": "function", "signature": "({ theme, onToggle })"}, {"_type": "tag", "name": "isDark", "path": "/home/kavia/workspace/code-generation/browser-tic-tac-toe-200990-200999/tic_tac_toe_frontend/src/components/ThemeToggle.jsx", "pattern": "/^      aria-label={isDark ? \"Switch to light theme\" : \"Switch to dark theme\"}$/", "language": "JavaScript", "kind": "field", "scope": "ThemeToggle.aria", "scopeKind": "class"}, {"_type": "tag", "name": "isDark", "path": "/home/kavia/workspace/code-generation/browser-tic-tac-toe-200990-200999/tic_tac_toe_frontend/src/components/ThemeToggle.jsx", "pattern": "/^      aria-pressed={isDark}$/", "language": "JavaScript", "kind": "field", "scope": "ThemeToggle.aria", "scopeKind": "class"}, {"_type": "tag", "name": "isDark", "path": "/home/kavia/workspace/code-generation/browser-tic-tac-toe-200990-200999/tic_tac_toe_frontend/src/components/ThemeToggle.jsx", "pattern": "/^      title={isDark ? \"Dark theme (click to switch to Light)\" : \"Light theme (click to switch to/", "language": "JavaScript", "kind": "field", "scope": "ThemeToggle.title", "scopeKind": "class"}, {"_type": "tag", "name": "onToggle", "path": "/home/kavia/workspace/code-generation/browser-tic-tac-toe-200990-200999/tic_tac_toe_frontend/src/components/ThemeToggle.jsx", "pattern": "/^      onClick={onToggle}$/", "language": "JavaScript", "kind": "field", "scope": "ThemeToggle.onClick", "scopeKind": "class"}], "hash": "1aeb059e5de136f42976c1084cfc2498", "format-version": 4, "code-base-name": "tic_tac_toe_frontend", "filename": "tic_tac_toe_frontend/src/components/ThemeToggle.jsx", "fields": [{"name": "aria-label={isDark ? \"Switch to light theme\" : \"Switch to dark theme\"}", "scope": "ThemeToggle.aria", "scopeKind": "class", "description": "unavailable"}, {"name": "aria-pressed={isDark}", "scope": "ThemeToggle.aria", "scopeKind": "class", "description": "unavailable"}, {"name": "title={isDark ? \"Dark theme (click to switch to Light)\" : \"Light theme (click to switch to/", "scope": "ThemeToggle.title", "scopeKind": "class", "description": "unavailable"}, {"name": "onClick={onToggle}", "scope": "ThemeToggle.onClick", "scopeKind": "class", "description": "unavailable"}], "revision_history": [{"24": "1c0406c2247bdd8adbb7896431133c63de7625f8"}]}