{"is_source_file": true, "format": "JavaScript", "description": "This file contains the main React components and logic for a Tic Tac Toe game, including calculation of the game winner, rendering of the game board and squares, and game state management.", "external_files": ["./App.css"], "external_methods": ["React", "useMemo", "useState"], "published": ["App"], "classes": [], "methods": [{"name": "calculateWinner(squares)", "description": "Determines if there is a winner based on the current board state; returns winner and the winning line if any.", "scope": "", "scopeKind": ""}, {"name": "isBoardFull(squares)", "description": "Checks if all squares on the board are filled, indicating a draw if there is no winner.", "scope": "", "scopeKind": ""}, {"name": "App()", "scope": "", "scopeKind": "", "description": "unavailable"}, {"name": "Board({ squares, onPlay, winningLine, isGameOver })", "scope": "", "scopeKind": "", "description": "unavailable"}, {"name": "Square({ value, onClick, isWinning, disabled, index })", "scope": "", "scopeKind": "", "description": "unavailable"}], "calls": ["calculateWinner(squares)", "useMemo(() => calculateWinner(squares), [squares])", "useState(Array(9).fill(null))", "setSquares(nextSquares)", "setXIsNext((prev) => !prev)", "useMemo(() => { ... }, [winner, isDraw, xIsNext])"], "search-terms": ["App.js", "calculateWinner", "Tic Tac Toe", "useMemo", "useState", "React components", "Squares", "Board", "Game logic"], "state": 2, "file_id": 7, "knowledge_revision": 26, "git_revision": "4570b45bf604178004e21237d19e0245a4e6a5d3", "revision_history": [{"25": "4570b45bf604178004e21237d19e0245a4e6a5d3"}, {"26": "4570b45bf604178004e21237d19e0245a4e6a5d3"}], "ctags": [{"_type": "tag", "name": "App", "path": "/home/kavia/workspace/code-generation/browser-tic-tac-toe-200990-200999/tic_tac_toe_frontend/src/App.js", "pattern": "/^function App() {$/", "language": "JavaScript", "kind": "function", "signature": "()"}, {"_type": "tag", "name": "Board", "path": "/home/kavia/workspace/code-generation/browser-tic-tac-toe-200990-200999/tic_tac_toe_frontend/src/App.js", "pattern": "/^function Board({ squares, onPlay, winningLine, isGameOver }) {$/", "language": "JavaScript", "kind": "function", "signature": "({ squares, onPlay, winningLine, isGameOver })"}, {"_type": "tag", "name": "Square", "path": "/home/kavia/workspace/code-generation/browser-tic-tac-toe-200990-200999/tic_tac_toe_frontend/src/App.js", "pattern": "/^function Square({ value, onClick, isWinning, disabled, index }) {$/", "language": "JavaScript", "kind": "function", "signature": "({ value, onClick, isWinning, disabled, index })"}, {"_type": "tag", "name": "calculateWinner", "path": "/home/kavia/workspace/code-generation/browser-tic-tac-toe-200990-200999/tic_tac_toe_frontend/src/App.js", "pattern": "/^function calculateWinner(squares) {$/", "language": "JavaScript", "kind": "function", "signature": "(squares)"}, {"_type": "tag", "name": "disabled", "path": "/home/kavia/workspace/code-generation/browser-tic-tac-toe-200990-200999/tic_tac_toe_frontend/src/App.js", "pattern": "/^      disabled={disabled}$/", "language": "JavaScript", "kind": "field", "scope": "Square.disabled", "scopeKind": "class"}, {"_type": "tag", "name": "handlePlay", "path": "/home/kavia/workspace/code-generation/browser-tic-tac-toe-200990-200999/tic_tac_toe_frontend/src/App.js", "pattern": "/^            onPlay={handlePlay}$/", "language": "JavaScript", "kind": "field", "scope": "App.onPlay", "scopeKind": "class"}, {"_type": "tag", "name": "isBoardFull", "path": "/home/kavia/workspace/code-generation/browser-tic-tac-toe-200990-200999/tic_tac_toe_frontend/src/App.js", "pattern": "/^function isBoardFull(squares) {$/", "language": "JavaScript", "kind": "function", "signature": "(squares)"}, {"_type": "tag", "name": "isGameOver", "path": "/home/kavia/workspace/code-generation/browser-tic-tac-toe-200990-200999/tic_tac_toe_frontend/src/App.js", "pattern": "/^            isGameOver={isGameOver}$/", "language": "JavaScript", "kind": "field", "scope": "App.isGameOver", "scopeKind": "class"}, {"_type": "tag", "name": "label", "path": "/home/kavia/workspace/code-generation/browser-tic-tac-toe-200990-200999/tic_tac_toe_frontend/src/App.js", "pattern": "/^      aria-label={label}$/", "language": "JavaScript", "kind": "field", "scope": "Square.aria", "scopeKind": "class"}, {"_type": "tag", "name": "onClick", "path": "/home/kavia/workspace/code-generation/browser-tic-tac-toe-200990-200999/tic_tac_toe_frontend/src/App.js", "pattern": "/^      onClick={onClick}$/", "language": "JavaScript", "kind": "field", "scope": "Square.onClick", "scopeKind": "class"}, {"_type": "tag", "name": "squares", "path": "/home/kavia/workspace/code-generation/browser-tic-tac-toe-200990-200999/tic_tac_toe_frontend/src/App.js", "pattern": "/^            squares={squares}$/", "language": "JavaScript", "kind": "field", "scope": "App.squares", "scopeKind": "class"}, {"_type": "tag", "name": "ttt-square ${isWinning ? \"is-winning\" : \"\"}", "path": "/home/kavia/workspace/code-generation/browser-tic-tac-toe-200990-200999/tic_tac_toe_frontend/src/App.js", "pattern": "/^      className={`ttt-square ${isWinning ? \"is-winning\" : \"\"}`}$/", "language": "JavaScript", "kind": "field", "scope": "Square.className", "scopeKind": "class"}, {"_type": "tag", "name": "ttt-status ${winner ? \"is-winner\" : \"\"} ${isDraw ? \"is-draw\" : \"\"}", "path": "/home/kavia/workspace/code-generation/browser-tic-tac-toe-200990-200999/tic_tac_toe_frontend/src/App.js", "pattern": "/^              className={`ttt-status ${winner ? \"is-winner\" : \"\"} ${isDraw ? \"is-draw\" : \"\"}`}$/", "language": "JavaScript", "kind": "field", "scope": "App.className", "scopeKind": "class"}, {"_type": "tag", "name": "winningLine", "path": "/home/kavia/workspace/code-generation/browser-tic-tac-toe-200990-200999/tic_tac_toe_frontend/src/App.js", "pattern": "/^            winningLine={winningLine}$/", "language": "JavaScript", "kind": "field", "scope": "App.winningLine", "scopeKind": "class"}], "hash": "ef0b302cedf20cfccb46b5ecb167f351", "format-version": 4, "code-base-name": "tic_tac_toe_frontend", "filename": "tic_tac_toe_frontend/src/App.js", "fields": [{"name": "disabled={disabled}", "scope": "Square.disabled", "scopeKind": "class", "description": "unavailable"}, {"name": "onPlay={handlePlay}", "scope": "App.onPlay", "scopeKind": "class", "description": "unavailable"}, {"name": "isGameOver={isGameOver}", "scope": "App.isGameOver", "scopeKind": "class", "description": "unavailable"}, {"name": "aria-label={label}", "scope": "Square.aria", "scopeKind": "class", "description": "unavailable"}, {"name": "onClick={onClick}", "scope": "Square.onClick", "scopeKind": "class", "description": "unavailable"}, {"name": "squares={squares}", "scope": "App.squares", "scopeKind": "class", "description": "unavailable"}, {"name": "className={`ttt-square ${isWinning ? \"is-winning\" : \"\"}`}", "scope": "Square.className", "scopeKind": "class", "description": "unavailable"}, {"name": "className={`ttt-status ${winner ? \"is-winner\" : \"\"} ${isDraw ? \"is-draw\" : \"\"}`}", "scope": "App.className", "scopeKind": "class", "description": "unavailable"}, {"name": "winningLine={winningLine}", "scope": "App.winningLine", "scopeKind": "class", "description": "unavailable"}]}