{"is_source_file": false, "format": "", "description": "", "external_files": [], "external_methods": [], "published": [], "classes": [], "methods": [], "calls": [], "search-terms": [], "state": 2, "file_id": 8, "knowledge_revision": 17, "git_revision": "2920e8264ec549275676f082bf4faecd9b5c921b", "hash": "352d99954cd5a76936ad59bc12bd6db2", "format-version": 4, "code-base-name": "tic_tac_toe_frontend", "filename": "tic_tac_toe_frontend/README.md", "revision_history": [{"17": "2920e8264ec549275676f082bf4faecd9b5c921b"}]}