{"is_source_file": false, "format": "", "description": "", "external_files": [], "external_methods": [], "published": [], "classes": [], "methods": [], "calls": [], "search-terms": [], "state": 2, "file_id": 2, "knowledge_revision": 5, "git_revision": "2920e8264ec549275676f082bf4faecd9b5c921b", "hash": "db32f882e1c3843712e6982006646903", "format-version": 4, "code-base-name": "tic_tac_toe_frontend", "filename": "tic_tac_toe_frontend/package.json", "revision_history": [{"5": "2920e8264ec549275676f082bf4faecd9b5c921b"}]}