{"is_source_file": false, "format": "", "description": "", "external_files": [], "external_methods": [], "published": [], "classes": [], "methods": [], "calls": [], "search-terms": [], "state": 2, "file_id": 3, "knowledge_revision": 12, "git_revision": "2920e8264ec549275676f082bf4faecd9b5c921b", "hash": "f807102230edb2c43d7cddca1298f459", "format-version": 4, "code-base-name": "tic_tac_toe_frontend", "filename": "tic_tac_toe_frontend/public/index.html", "revision_history": [{"12": "2920e8264ec549275676f082bf4faecd9b5c921b"}]}