{"is_source_file": false, "format": "", "description": "", "external_files": [], "external_methods": [], "published": [], "classes": [], "methods": [], "calls": [], "search-terms": ["React", "README.md", "features", "npm install", "localStorage", "theme toggle", "scoreboard", "Best-of-5", "series mode", "Start New Series", "Next Game", "restart game", "AI difficulty", "Human vs Human"], "state": 2, "file_id": 8, "knowledge_revision": 27, "git_revision": "1c0406c2247bdd8adbb7896431133c63de7625f8", "hash": "f6e2263159e6c8226164e7c702d23b2a", "format-version": 4, "code-base-name": "tic_tac_toe_frontend", "filename": "tic_tac_toe_frontend/README.md", "revision_history": [{"27": "1c0406c2247bdd8adbb7896431133c63de7625f8"}]}