{"is_source_file": true, "format": "JavaScript (React JSX)", "description": "Main React component and associated functions for a Tic Tac Toe game frontend, including game logic, UI rendering, and state management.", "external_files": ["./ai/minimax", "./components/ThemeToggle"], "external_methods": ["getAiMove", "getGameOutcome"], "published": [], "classes": [], "methods": [{"name": "Square({ value, onClick, disabled })", "description": "Functional component representing a single Tic Tac Toe square.", "scope": "", "scopeKind": ""}, {"name": "Board({ squares, onPlay, disabled })", "description": "Component representing the game board composed of squares.", "scope": "", "scopeKind": ""}, {"name": "emptyBoard()", "description": "Creates an empty 3x3 board state.", "scope": "", "scopeKind": ""}, {"name": "startingPlayerForGameNumber(gameNumber)", "description": "Determines which player starts based on game number (alternates between X and O).", "scope": "", "scopeKind": ""}, {"name": "computeStatus({ mode, aiThinking, outcome, xIsNext, humanPlayer, aiPlayer })", "description": "Computes the current game status message based on game state.", "scope": "", "scopeKind": ""}, {"name": "App()", "scope": "", "scopeKind": "", "description": "unavailable"}, {"name": "handleNextGame()", "scope": "App", "scopeKind": "function", "description": "unavailable"}, {"name": "handlePlay(index)", "scope": "App", "scopeKind": "function", "description": "unavailable"}, {"name": "handleRestartGame()", "scope": "App", "scopeKind": "function", "description": "unavailable"}, {"name": "handleStartNewSeries()", "scope": "App", "scopeKind": "function", "description": "unavailable"}, {"name": "handleToggleTheme()", "scope": "App", "scopeKind": "function", "description": "unavailable"}, {"name": "resetBoardOnly(nextStarter = \"X\")", "scope": "App", "scopeKind": "function", "description": "unavailable"}, {"name": "seriesWinnerFromScores({ xWins, oWins })", "scope": "", "scopeKind": "", "description": "unavailable"}], "calls": ["getAiMove", "getGameOutcome"], "search-terms": ["tic tac toe", "App component", "AI move", "series control", "game outcome", "mode switch", "react hooks", "series logic"], "state": 2, "file_id": 6, "knowledge_revision": 25, "git_revision": "1c0406c2247bdd8adbb7896431133c63de7625f8", "revision_history": [{"15": "2920e8264ec549275676f082bf4faecd9b5c921b"}, {"19": "45c22b83df23f85a072de90601b017e631e16bc6"}, {"20": "48d0820f8d1bef3d7cdb34bd7cff405f83c84af3"}, {"25": "1c0406c2247bdd8adbb7896431133c63de7625f8"}], "ctags": [{"_type": "tag", "name": "App", "path": "/home/kavia/workspace/code-generation/browser-tic-tac-toe-200990-200999/tic_tac_toe_frontend/src/App.js", "pattern": "/^export default function App() {$/", "language": "JavaScript", "kind": "function", "signature": "()"}, {"_type": "tag", "name": "Board", "path": "/home/kavia/workspace/code-generation/browser-tic-tac-toe-200990-200999/tic_tac_toe_frontend/src/App.js", "pattern": "/^function Board({ squares, onPlay, disabled }) {$/", "language": "JavaScript", "kind": "function", "signature": "({ squares, onPlay, disabled })"}, {"_type": "tag", "name": "Square", "path": "/home/kavia/workspace/code-generation/browser-tic-tac-toe-200990-200999/tic_tac_toe_frontend/src/App.js", "pattern": "/^function Square({ value, onClick, disabled }) {$/", "language": "JavaScript", "kind": "function", "signature": "({ value, onClick, disabled })"}, {"_type": "tag", "name": "aiThinking", "path": "/home/kavia/workspace/code-generation/browser-tic-tac-toe-200990-200999/tic_tac_toe_frontend/src/App.js", "pattern": "/^                disabled={aiThinking}$/", "language": "JavaScript", "kind": "field", "scope": "App.disabled", "scopeKind": "class"}, {"_type": "tag", "name": "bestOf5Enabled", "path": "/home/kavia/workspace/code-generation/browser-tic-tac-toe-200990-200999/tic_tac_toe_frontend/src/App.js", "pattern": "/^                checked={bestOf5Enabled}$/", "language": "JavaScript", "kind": "field", "scope": "App.checked", "scopeKind": "class"}, {"_type": "tag", "name": "computeStatus", "path": "/home/kavia/workspace/code-generation/browser-tic-tac-toe-200990-200999/tic_tac_toe_frontend/src/App.js", "pattern": "/^function computeStatus({ mode, aiThinking, outcome, xIsNext, humanPlayer, aiPlayer }) {$/", "language": "JavaScript", "kind": "function", "signature": "({ mode, aiThinking, outcome, xIsNext, humanPlayer, aiPlayer })"}, {"_type": "tag", "name": "difficulty", "path": "/home/kavia/workspace/code-generation/browser-tic-tac-toe-200990-200999/tic_tac_toe_frontend/src/App.js", "pattern": "/^                value={difficulty}$/", "language": "JavaScript", "kind": "field", "scope": "App.value", "scopeKind": "class"}, {"_type": "tag", "name": "disabled", "path": "/home/kavia/workspace/code-generation/browser-tic-tac-toe-200990-200999/tic_tac_toe_frontend/src/App.js", "pattern": "/^      disabled={disabled}$/", "language": "JavaScript", "kind": "field", "scope": "Square.disabled", "scopeKind": "class"}, {"_type": "tag", "name": "emptyBoard", "path": "/home/kavia/workspace/code-generation/browser-tic-tac-toe-200990-200999/tic_tac_toe_frontend/src/App.js", "pattern": "/^function emptyBoard() {$/", "language": "JavaScript", "kind": "function", "signature": "()"}, {"_type": "tag", "name": "handleNextGame", "path": "/home/kavia/workspace/code-generation/browser-tic-tac-toe-200990-200999/tic_tac_toe_frontend/src/App.js", "pattern": "/^  function handleNextGame() {$/", "language": "JavaScript", "kind": "function", "signature": "()", "scope": "App", "scopeKind": "function"}, {"_type": "tag", "name": "handlePlay", "path": "/home/kavia/workspace/code-generation/browser-tic-tac-toe-200990-200999/tic_tac_toe_frontend/src/App.js", "pattern": "/^  function handlePlay(index) {$/", "language": "JavaScript", "kind": "function", "signature": "(index)", "scope": "App", "scopeKind": "function"}, {"_type": "tag", "name": "handleRestartGame", "path": "/home/kavia/workspace/code-generation/browser-tic-tac-toe-200990-200999/tic_tac_toe_frontend/src/App.js", "pattern": "/^  function handleRestartGame() {$/", "language": "JavaScript", "kind": "function", "signature": "()", "scope": "App", "scopeKind": "function"}, {"_type": "tag", "name": "handleStartNewSeries", "path": "/home/kavia/workspace/code-generation/browser-tic-tac-toe-200990-200999/tic_tac_toe_frontend/src/App.js", "pattern": "/^  function handleStartNewSeries() {$/", "language": "JavaScript", "kind": "function", "signature": "()", "scope": "App", "scopeKind": "function"}, {"_type": "tag", "name": "handleToggleTheme", "path": "/home/kavia/workspace/code-generation/browser-tic-tac-toe-200990-200999/tic_tac_toe_frontend/src/App.js", "pattern": "/^  function handleToggleTheme() {$/", "language": "JavaScript", "kind": "function", "signature": "()", "scope": "App", "scopeKind": "function"}, {"_type": "tag", "name": "humanPlayer", "path": "/home/kavia/workspace/code-generation/browser-tic-tac-toe-200990-200999/tic_tac_toe_frontend/src/App.js", "pattern": "/^                value={humanPlayer}$/", "language": "JavaScript", "kind": "field", "scope": "App.value", "scopeKind": "class"}, {"_type": "tag", "name": "mode", "path": "/home/kavia/workspace/code-generation/browser-tic-tac-toe-200990-200999/tic_tac_toe_frontend/src/App.js", "pattern": "/^                disabled={mode !== \"HUMAN_AI\" || aiThinking}$/", "language": "JavaScript", "kind": "field", "scope": "App.disabled", "scopeKind": "class"}, {"_type": "tag", "name": "mode", "path": "/home/kavia/workspace/code-generation/browser-tic-tac-toe-200990-200999/tic_tac_toe_frontend/src/App.js", "pattern": "/^                value={mode}$/", "language": "JavaScript", "kind": "field", "scope": "App.value", "scopeKind": "class"}, {"_type": "tag", "name": "onClick", "path": "/home/kavia/workspace/code-generation/browser-tic-tac-toe-200990-200999/tic_tac_toe_frontend/src/App.js", "pattern": "/^      onClick={onClick}$/", "language": "JavaScript", "kind": "field", "scope": "Square.onClick", "scopeKind": "class"}, {"_type": "tag", "name": "resetBoardOnly", "path": "/home/kavia/workspace/code-generation/browser-tic-tac-toe-200990-200999/tic_tac_toe_frontend/src/App.js", "pattern": "/^  function resetBoardOnly(nextStarter = \"X\") {$/", "language": "JavaScript", "kind": "function", "signature": "(nextStarter = \"X\")", "scope": "App", "scopeKind": "function"}, {"_type": "tag", "name": "seriesWinnerFromScores", "path": "/home/kavia/workspace/code-generation/browser-tic-tac-toe-200990-200999/tic_tac_toe_frontend/src/App.js", "pattern": "/^function seriesWinnerFromScores({ xWins, oWins }) {$/", "language": "JavaScript", "kind": "function", "signature": "({ xWins, oWins })"}, {"_type": "tag", "name": "startingPlayerForGameNumber", "path": "/home/kavia/workspace/code-generation/browser-tic-tac-toe-200990-200999/tic_tac_toe_frontend/src/App.js", "pattern": "/^function startingPlayerForGameNumber(gameNumber) {$/", "language": "JavaScript", "kind": "function", "signature": "(gameNumber)"}, {"_type": "tag", "name": "value", "path": "/home/kavia/workspace/code-generation/browser-tic-tac-toe-200990-200999/tic_tac_toe_frontend/src/App.js", "pattern": "/^      aria-label={value ? `Square ${value}` : \"Empty square\"}$/", "language": "JavaScript", "kind": "field", "scope": "Square.aria", "scopeKind": "class"}], "hash": "ea52af1e5a61fd6b1ba297ada0ab602e", "format-version": 4, "code-base-name": "tic_tac_toe_frontend", "filename": "tic_tac_toe_frontend/src/App.js", "fields": [{"name": "disabled={aiThinking}", "scope": "App.disabled", "scopeKind": "class", "description": "unavailable"}, {"name": "checked={bestOf5Enabled}", "scope": "App.checked", "scopeKind": "class", "description": "unavailable"}, {"name": "value={difficulty}", "scope": "App.value", "scopeKind": "class", "description": "unavailable"}, {"name": "disabled={disabled}", "scope": "Square.disabled", "scopeKind": "class", "description": "unavailable"}, {"name": "value={humanPlayer}", "scope": "App.value", "scopeKind": "class", "description": "unavailable"}, {"name": "disabled={mode !== \"HUMAN_AI\" || aiThinking}", "scope": "App.disabled", "scopeKind": "class", "description": "unavailable"}, {"name": "value={mode}", "scope": "App.value", "scopeKind": "class", "description": "unavailable"}, {"name": "onClick={onClick}", "scope": "Square.onClick", "scopeKind": "class", "description": "unavailable"}, {"name": "aria-label={value ? `Square ${value}` : \"Empty square\"}", "scope": "Square.aria", "scopeKind": "class", "description": "unavailable"}]}